{
    "mouseover": [
        {
            "selector": ".content-wrap a[href^='http']",
            "text": ["要看看 <span style=\"color:#0099cc;\">{text}</span> 么？"]
        },
        {
            "selector": ".logo",
            "text": ["点击前往首页，想回到上一页可以使用浏览器的后退功能哦"]
        },
        {
            "selector": ".social-share",
            "text": ["觉得文章有帮助的话，可以分享给更多需要的朋友呢"]
        },
        {
            "selector": "#tor_show",
            "text": ["翻页比较麻烦吗，点击可以显示这篇文章的目录呢"]
        },
        {
            "selector": ".menu-follow",
            "text": ["利用 feed 订阅器，就能快速知道博客有没有更新了呢"]
        },
        {
            "selector": ".creativecommons",
            "text": ["转载前要先注意下文章的 版权协议 呢"]
        },
        {
            "selector": ".comm",
            "text": ["想要去评论些什么吗？"]
        },
        {
            "selector": "#qrcode",
            "text": ["手机扫一下就能继续看，很方便呢"]
        },
        {
            "selector": "#postcomments",
            "text": ["要吐槽些什么呢"]
        },
        {
            "selector": ".rollto",
            "text": ["回到开始的地方吧"]
        },
        {
            "selector": "#inpName",
            "text": ["该怎么称呼你呢"]
        },
        {
            "selector": "#inpEmail",
            "text": ["留下你的邮箱，不然就是无头像人士了"]
        },
        {
            "selector": "#inpHomePage",
            "text": ["你的家在哪里呢，好让我去参观参观"]
        },
        {
            "selector": "#txaArticle",
            "text": ["认真填写哦，垃圾评论是禁止事项"]
        },
        {
            "selector": ".OwO-logo",
            "text": ["要插入一个表情吗"]
        },
        {
            "selector": "#submit",
            "text": ["要提交了吗，评论可能需要审核，请耐心等待~"]
        },
        {
            "selector": ".ImageBox",
            "text": ["点击图片可以放大呢"]
        },
        {
            "selector": "input[name=q]",
            "text": ["找不到想看的内容？搜索看看吧"]
        },
        {
            "selector": ".paging",
            "text": ["去下一页看看吧"]
        },
        {
            "selector": "#htmer_time",
            "text": ["已经过了这么久了呀，日子过得好快呢", "<span style=\"color:#0099cc;\">2010</span> 是多久来着…<br>1，2，3……有好多好多天呢！"]
        },
        {
            "selector": ".updatelog",
            "text": ["这里记录着我搬家的历史呢"]
        },
        {
            "selector": ".aboutme",
            "text": ["发现主人出没地点！", "这里有主人的联系方式"]
        },
        {
            "selector": ".donate-qrcode",
            "text": ["主人最近在吃土呢，很辛苦的样子。给他一些钱钱吧~"]
        },
        {
            "selector": "#wenkmPlayer div.switch-player",
            "text": ["想要听点音乐吗"]
        },
        {
            "selector": "#wenkmPlayer div.volume",
            "text": ["在这里可以调整<span style=\"color:#0099cc;\">音量</span>呢"]
        },
        {
            "selector": "#wenkmPlayer div.switch-playlist",
            "text": ["<span style=\"color:#0099cc;\">播放列表</span>里都有什么呢"]
        },
        {
            "selector": "#wenkmPlayer div.switch-ksclrc",
            "text": ["有<span style=\"color:#0099cc;\">歌词</span>的话就能跟着一起唱呢"]
        },
        {
            "selector": "#navbar-page-116",
            "text": ["要去大佬们的家看看吗？"]
        },
        {
            "selector": "#navbar-page-34",
            "text": ["有什么想说的吗？"]
        },
        {
            "selector": "navbar-page-97",
            "text": ["这里都是主人的黑历史呢"]
        },
        {
            "selector": "#navbar-page-31",
            "text": ["这里有一些关于我家主人的秘密哦，要不要看看呢"]
        },
        {
            "selector": ".waifu-tool .fui-home",
            "text": ["回首页看看吧"]
        },
        {
            "selector": ".waifu-tool .fui-eye",
            "text": ["要切换看板娘吗？"]
        },
        {
            "selector": ".waifu-tool .fui-chat",
            "text": ["猜猜我要说些什么"]
        },
        {
            "selector": ".waifu-tool .fui-user",
            "text": ["喜欢换装PLAY吗？"]
        },
        {
            "selector": ".waifu-tool .fui-info-circle",
            "text": ["想要知道更多有关我的事吗？"]
        },
        {
            "selector": ".waifu-tool .fui-cross",
            "text": ["到了要说再见的时候了吗"]
        },
        {
            "selector": ".waifu-tool .fui-photo",
            "text": ["你要给我拍照呀，一二三~茄子~~"]
        },
        {
            "selector": ".waifu #live2d",
            "text": ["干嘛呢你，快把手拿开", "鼠…鼠标放错地方了！"]
        }
    ],
    "click": [
        {
            "selector": ".waifu #live2d",
            "text": ["是…是不小心碰到了吧", "萝莉控是什么呀", "你看到我的小熊了吗", "再摸的话我可要报警了！⌇●﹏●⌇", "110吗，这里有个变态一直在摸我(ó﹏ò｡)"]
        }
    ],
    "seasons": [
        {
            "date": "01/01",
            "text": "<span style=\"color:#0099cc;\">元旦</span>了呢，新的一年又开始了，今年是{year}年~"
        },
        {
            "date": "02/14",
            "text": "又是一年<span style=\"color:#0099cc;\">情人节</span>，{year}年找到对象了嘛~"
        },
        {
            "date": "03/08",
            "text": "今天是<span style=\"color:#0099cc;\">妇女节</span>！"
        },
        {
            "date": "03/12",
            "text": "今天是<span style=\"color:#0099cc;\">植树节</span>，要保护环境呀"
        },
        {
            "date": "04/01",
            "text": "悄悄告诉你一个秘密~<span style=\"background-color:#34495e;\">今天是愚人节，不要被骗了哦~</span>"
        },
        {
            "date": "05/01",
            "text": "今天是<span style=\"color:#0099cc;\">五一劳动节</span>，计划好假期去哪里了吗~"
        },
        {
            "date": "06/01",
            "text": "<span style=\"color:#0099cc;\">儿童节</span>了呢，快活的时光总是短暂，要是永远长不大该多好啊…"
        },
        {
            "date": "09/03",
            "text": "<span style=\"color:#0099cc;\">中国人民抗日战争胜利纪念日</span>，铭记历史、缅怀先烈、珍爱和平、开创未来。"
        },
        {
            "date": "09/10",
            "text": "<span style=\"color:#0099cc;\">教师节</span>，在学校要给老师问声好呀~"
        },
        {
            "date": "10/01",
            "text": "<span style=\"color:#0099cc;\">国庆节</span>，新中国已经成立69年了呢"
        },
        {
            "date": "11/05-11/12",
            "text": "今年的<span style=\"color:#0099cc;\">双十一</span>是和谁一起过的呢~"
        },
        {
            "date": "12/20-12/31",
            "text": "这几天是<span style=\"color:#0099cc;\">圣诞节</span>，主人肯定又去剁手买买买了~"
        }
    ]
}